Year,Month,Month_Name,total_sales,total_profit,total_orders
2025,1,January,709430.73,218105.44,832
2025,2,February,727542.78,232113.55,750
2025,3,March,765784.72,240327.36,826
2025,4,April,756117.07,237742.6,813
2025,5,May,729485.0,228284.09,843
2025,6,June,720737.6,226387.0,811
2025,7,July,728077.26,229752.1,823
2025,8,August,830639.55,262429.31,881
2025,9,September,828928.24,259946.09,829
2025,10,October,773975.99,246423.64,870
2025,11,November,816057.46,250437.43,849
2025,12,December,813009.24,258228.81,873
